data_week,Austin,Chicago,Dallas,Houston,Los Angeles,New York,Philadelphia,San Francisco,San Jose,Washington,10 Metro Avg.
2024-08-28,60.3,48.1,58.5,60.625,46.975,44.45,40.2,42.575,40.15,42.625,48.45
2024-08-21,59.925,49.9,57.95,60.175,47.275000000000006,46.800000000000004,40.475,42.6,40.575,43.05,48.8725
2024-08-14,60.175,54.775,57.9,59.724999999999994,47.475,49,40.825,43.35,41.15,44.2,49.8575
2024-08-07,61.4,55.55,58,58.4,47.9,50.325,41.225,43.95,41.475,45.35,50.3575
2024-07-31,58.449999999999996,54.775,56.925,49.875,46.2,49.925000000000004,40.35,42.975,40.225,44.45,48.415
2024-07-24,57.74999999999999,52.975,56.2,49.3,44.8,48.425000000000004,39.525000000000006,42,38.5,43.7,47.3175
2024-07-17,58.199999999999996,52.85,56.45,49.725,44.575,48.6,39.475,41.775000000000006,38.225,44.075,47.395
2024-07-10,58.199999999999996,52.775,56.6,51.1,44.65,48.925000000000004,39.525,41.475,37.075,44.625,47.495
2024-07-03,61.974999999999994,54.6,58.25,60,46.625,50.800000000000004,40.65,42.925000000000004,37.65,47.1,50.0575
2024-06-26,63.12499999999999,56.8,58.85,60.975,48.25,53.025000000000006,41.975,44.300000000000004,38.875,48.95,51.5125
2024-06-19,62.37499999999999,56.225,56.2,60.125,48.2,52.2,41.900000000000006,43.62500000000001,38.075,48.625,50.755
2024-06-12,62.199999999999996,55.95,56.05,58.775,47.9,51.875,42,43.72500000000001,38.25,48.7,50.542500000000004
2024-06-05,61.9,55.525,55.825,58.75,47.625,51.300000000000004,41.800000000000004,43.85000000000001,38.475,48.35,50.34
2024-05-29,62.05,55.025,56.025,58.300000000000004,47.25,50.87500000000001,41.400000000000006,44.10000000000001,38.400000000000006,48.15,50.1575
2024-05-22,62.9,55.125,58.225,58.5,47.225,50.95,41.45,45,38.75,48.875,50.7
2024-05-15,63.6,55.15,58.15,59.575,47.150000000000006,50.175000000000004,41.45,45.325,39.15,48.95,50.8675
2024-05-08,64.775,55.15,58.45,59.125,47.125,50.150000000000006,41.925000000000004,45,40.025,49.1,51.0825
2024-05-01,63.875,54.95,58.025,58.85,47.125,49.725,42.300000000000004,44.025000000000006,40.225,49.075,50.8175
2024-04-24,63.425,53.8,57.95,58.075,46.425,48.875,41.825,43.025000000000006,40.425,47.775,50.16
2024-04-17,63.849999999999994,52.575,58.45,58.075,46.425,49.35,41.7,43.325,41.325,47.025,50.21
2024-04-10,62.55,52.475,57.95,57.55,46.375,49.25,41.775000000000006,43.800000000000004,41.75,47.175,50.065
2024-04-03,62.074999999999996,53.025,57.5,56.875,46.525,49.525000000000006,41.900000000000006,44.95,42.75,47.4,50.2525
2024-03-27,63.574999999999996,54.625,58.025,58.375,47.65,50.85,42.625,45.925000000000004,43.525,48.775,51.394999999999996
2024-03-20,63.375,55.775,57.525,58.9,48.1,50.800000000000004,42.975,45.95,44.125,49.875,51.74
2024-03-13,64.05,55.675,57.85,59.85,47.975,50.475,42.95,45.525000000000006,44.325,49.949999999999996,51.8625
2024-03-06,65.125,55.3,58.825,61.15,47.825,48.5,41.95,45.525000000000006,44.225,49.724999999999994,51.815
2024-02-28,64.02499999999999,55.35,58.325,61.15,46.275,48.7,42.225,45.6,44.65,49.95,51.625
2024-02-21,63.949999999999996,55.65,58.575,61.1,46.275,49.00000000000001,42.3,45.625,44.775,50.05,51.73
2024-02-14,63.55,55.5,58.625,60.9,46.65,49.400000000000006,41.475,46.25,45.55,49.525,51.7425
2024-02-07,62.55,53.1,57.35,57.849999999999994,46.8,50.1,41.075,45.925000000000004,45.2,47.375,50.7325
2024-01-31,61.87499999999999,51.55,56.85,57.175,47.55,48.75,40.475,44.800000000000004,43.7,46.475,49.92
2024-01-24,55.14999999999999,46.1,51.95,52.175,42.85,43.775000000000006,37.775000000000006,39.2,37.625,41.55,44.815
2024-01-17,45.974999999999994,38.75,44.325,44.575,37.175,36.2,34.075,32.075,30.275000000000002,34.875,37.83
2024-01-10,45.55,40.2,43.975,45.4,35.9,35.525000000000006,34.9,30.125000000000004,28.7,35.55,37.5825
2024-01-03,46.3,41.675,44.175,45.325,35.875,36.675000000000004,35.4,31.425000000000004,29.325,36.175,38.235
2023-12-27,52.974999999999994,46.925,47.975,49.55,40.375,41.75,38.075,37.125,34.55,40.775,43.0075
2023-12-20,60.974999999999994,53.775,54.275,57.025,45.725,48.725,42.4,42.625,40.075,47.15,49.275
2023-12-13,58.324999999999996,51.1,52.2,56.15,45.175,47.550000000000004,41.175,40.775000000000006,39.575,45.45,47.7475
2023-12-06,57.324999999999996,50.875,51.575,56.7,45.85,47.225,41.15,38.7,40,44.675,47.4075
2023-11-29,55.824999999999996,50.725,51,57.475,46.175,47,41.05,37.95,39.8,44.25,47.125
2023-11-22,55.74999999999999,50.6,50.75,57.9,46.575,47,41.05,38.425000000000004,40.35,44.375,47.2775
2023-11-15,58.62499999999999,53.875,53.275,61.15,48.575,49.775000000000006,42.6,41.900000000000006,42.675,47.275,49.9725
2023-11-08,58.8,53.5,53.275,61.25,48.75,49.650000000000006,42.45,43.075,42.775,47.65,50.1175
2023-11-01,58.625,53.05,53.625,60.9,48.5,49.375,42.425,42.85,42.65,47.4,49.94
2023-10-25,59.099999999999994,53.425,54.025,60.75,48.45,49.425000000000004,42.575,43.075,42.3,47.5,50.0625
2023-10-18,59.425,53.35,54.4,60.475,48.275,48.975,42.725,43.125,41.675,47.35,49.9775
2023-10-11,59,53.35,54.825,60.6,48.45,49.1,42.975,43.25,41.125,47.35,50.0025
2023-10-04,59.175,53.45,55.025,61,48.675,49.275000000000006,42.95,44.375,41.1,47.625,50.265
2023-09-27,58.52499999999999,52.725,54.4,60.7,48.625,47.625,41.800000000000004,43.675000000000004,40.15,46.725,49.495
2023-09-20,58.62499999999999,52.25,54.175,60.95,48.95,45.2,40.900000000000006,43.175000000000004,39,45.65,48.8875
2023-09-13,58.52499999999999,51.525,53.8,60.8,48.1,42.85000000000001,39.975,42.75,38.425,43.9,48.065
2023-09-06,57.77499999999999,50.8,53.6,60.475,47.675,41.025000000000006,39.025000000000006,41.325,37.55,42.15,47.14
2023-08-30,57.49999999999999,50.95,53.675,60.4,47.7,41.6,39.325,41.675000000000004,37.6,41.65,47.2075
2023-08-23,57.175,51.175000000000004,53.475,60.275,47.775,43.75,39.525000000000006,42.025000000000006,38.275,41.975,47.542500000000004
2023-08-16,56.39999999999999,52.025000000000006,53.3,60.2,48.65,45.625,39.825,42.625,38.6,43.2,48.045
2023-08-09,56.8,53.150000000000006,53.25,60.425,49.4,47.150000000000006,40.45,43.525000000000006,39.275,44.7,48.8125
2023-08-02,56.99999999999999,53.7,53.55,60.625,49.65,47.725,40.775,44.35,39.55,45.675,49.26
2023-07-26,53.824999999999996,49.8,50.9,57.800000000000004,47.125,44.300000000000004,38.85,41.825,36.975,43.325,46.472500000000004
2023-07-19,54.974999999999994,49.575,51,57.95,47.025,44.550000000000004,38.800000000000004,42.375,36.725,43.475,46.645
2023-07-12,55.05,49.275,51.125,57.85,46.775,44.825,38.75,42.35,36.075,43.325,46.54
2023-07-05,55.3,49.6,51.35,57.95,46.95,45.075,38.725,42.275000000000006,36.275,43.625,46.7125
2023-06-28,58.625,54.025,54.175,61.05,49.675,49.425000000000004,41.275000000000006,45.25,38.875,46.875,49.925
2023-06-21,57.8,53.475,53.675,60.225,49.6,48.725,41.25,44.300000000000004,38.35,46.275,49.3675
2023-06-14,57.625,53,53.375,60.15,49.375,48.35,41.375,43.825,38.225,46.3,49.16
2023-06-07,58.025,52.1,53.175000000000004,60.225,49.15,48.550000000000004,41.6,43.95,38.1,46.225,49.11
2023-05-31,58.525,51.2,53,59.825,48.875,48.150000000000006,41.375,43.775000000000006,37.925,45.85,48.85
2023-05-24,60.275,51.175,53.525,60.8,48.975,48.675000000000004,41.675000000000004,44.325,38.3,46.5,49.4225
2023-05-17,61.324999999999996,51,53.2,60.925,49.375,48.525000000000006,41.85,44.675000000000004,38.775,46.575,49.6225
2023-05-10,62.15,51.05,53.175,61.025,49.15,48.050000000000004,42.125,44.45,38.75,46.4,49.6325
2023-05-03,62,50.65,52.375,59.95,48.349999999999994,46.150000000000006,41.800000000000004,43.775000000000006,38.3,45.6,48.895
2023-04-26,62.125,49.85,52.35,59.725,47.775,45.5,41.975,43.35,37.95,44.75,48.535000000000004
2023-04-19,62.849999999999994,49.15,52.825,59.8,47.2,45.225,42,42.525000000000006,37.325,44.6,48.35
2023-04-12,61.55,49.025,52.3,58.875,47.2,45.225,42,42.35,37.55,44.575,48.065
2023-04-05,60.425,49.425,52.225,58.925,47.525,46.275000000000006,42.5,42.550000000000004,38.05,45.35,48.325
2023-03-29,60.949999999999996,50.1,51.725,59.3,47.875,46.5,42.300000000000004,43.25,38.875,46.45,48.7325
2023-03-22,61.824999999999996,50.55,51.85,59.425,47.825,46.050000000000004,42.25,43.725,39.775,46.675,48.995
2023-03-15,63.925,50.2,52.425,60.175,48.2,45.97500000000001,42.225,43.875,40.15,46.875,49.4025
2023-03-08,66.375,49.849999999999994,53.25,61.3,48.45,46.550000000000004,42,44.5,41.075,46.825,50.0175
2023-03-01,64.35,49.95,51.075,60.95,48.525,47.025000000000006,42.15,44.525000000000006,41.3,46.6,49.645
2023-02-22,57.875,49.85,45.075,60.675,48.525,47.95,42.25,45.175000000000004,41.475,46.45,48.53
2023-02-15,58.199999999999996,50.15,45,60.6,48.2,48.150000000000006,42.225,45.675000000000004,41.45,46.525,48.6175
2023-02-08,58.15,50.5,45.275,60.725,48,48.00000000000001,42.6,45.35,40.475,46.45,48.5525
2023-02-01,60.02499999999999,49.85,47.8,60.475,46.675,47.25000000000001,42.575,42.775000000000006,37.9,45.925,48.125
2023-01-25,60.419999999999995,45.6425,50.394999999999996,56.265,42.935,42.807500000000005,39.945,36.4525,32.2625,41.9925,44.91175
2023-01-18,49.692499999999995,37.3725,43.72,48.16,37.195,35.47500000000001,35.197500000000005,29.027500000000003,25.825000000000003,34.870000000000005,37.6535
2023-01-11,46.529999999999994,35.175,42.165,45.47,35.37,33.290000000000006,33.935,26.28,24.12,32.3375,35.46725
2023-01-04,46.1825,35.2625,42.3175,45.177499999999995,35.7,33.917500000000004,33.792500000000004,27.945000000000004,25.2325,32.485,35.80125
2022-12-28,51.5175,38.995000000000005,45.41,49.1025,38.7875,38.1375,36.0175,33.20250000000001,29.695,36.11,39.6975
2022-12-21,61.7525,46.795,52.707499999999996,56.7725,44.0125,46,40.7725,39.690000000000005,34.7825,42.7775,46.60625
2022-12-14,60.6875,45.0875,51.4225,55.76,43.555,45.565000000000005,40.165,39.800000000000004,34.2075,42.375,45.8625
2022-12-07,60.43,44.485,51.5025,55.6875,43.879999999999995,45.4425,40.0775,39.962500000000006,34.5975,42.19,45.8255
2022-11-30,59.69,43.9575,51.682500000000005,54.9525,43.72,45.300000000000004,40.0375,39.89,34.817499999999995,42.075,45.61225
2022-11-23,58.74249999999999,43.115,50.9125,54.54,43.485,44.575,39.425000000000004,39.49250000000001,35.8475,41.79,45.1925
2022-11-16,62.1425,45.475,53.64,57.4625,45.504999999999995,47.080000000000005,40.59,41.525000000000006,38.555,44.3675,47.63425
2022-11-09,61.88249999999999,45.2175,53.620000000000005,57.425,45.4875,46.795,40.400000000000006,41.057500000000005,39.5125,44.3775,47.5775
2022-11-02,62.4175,45.26,53.755,57.9275,45.9725,46.9425,40.545,41.157500000000006,40.9475,44.665,47.959
2022-10-26,62.6975,45.2275,53.947500000000005,58.2325,45.975,46.212500000000006,40.345,41.03750000000001,41.4025,44.6725,47.975
2022-10-19,62.732499999999995,45.4825,54.1525,58.292500000000004,45.5725,45.395,40.2075,40.752500000000005,41.4425,44.6725,47.87025
2022-10-12,62.442499999999995,45.527499999999996,54.1075,58.0875,45.3225,45.31,40.31,40.2325,41.335,44.6375,47.73125
2022-10-05,61.4875,45.2425,54.245000000000005,57.625,45.08,45.0125,40.1225,39.92,40.4025,44.3425,47.348
2022-09-28,60.012499999999996,44.39,53.52,56.6825,44.5875,43.5525,39.435,39.510000000000005,38.4975,43.347500000000004,46.353500000000004
2022-09-21,59.62499999999999,43.6625,52.9775,56.04,44.254999999999995,41.300000000000004,38.9525,39.185,36.91,42.14,45.50475
2022-09-14,58.1975,42.987500000000004,52.26,55.42,43.917500000000004,38.58500000000001,37.805,39.017500000000005,35.655,40.5125,44.43575
2022-09-07,57.709999999999994,41.86,51.535,55.0875,43.385000000000005,36.32000000000001,36.8925,38.4425,34.475,38.629999999999995,43.43375
2022-08-31,57.9625,41.435,51.44,55.175000000000004,43.362500000000004,36.4025,37.212500000000006,38.275000000000006,34.480000000000004,38.0125,43.375750000000004
2022-08-24,57.224999999999994,41.0225,50.96,55.0175,43.290000000000006,37.800000000000004,37.3775,38.040000000000006,34.7,37.965,43.33975
2022-08-17,57.9375,40.9975,50.6075,55.0025,42.8575,39.112500000000004,37.9,38.19500000000001,34.7075,38.55,43.58675
2022-08-10,58.0775,41.6575,50.379999999999995,54.9225,42.435,39.977500000000006,38.355000000000004,38.370000000000005,35.13,39.54,43.8845
2022-08-03,58.0575,42.1775,50.769999999999996,54.98,42.1425,40.587500000000006,38.3625,38.46000000000001,35.2225,40.26,44.102
2022-07-27,57.205,41.03,50.3825,54.0475,41.015,39.4975,37.4075,36.597500000000004,34.38,39.435,43.09975
2022-07-20,57.515,40.83,50.879999999999995,54.1975,40.7775,39.675000000000004,37.325,35.50000000000001,34.457499999999996,39.41,43.05675
2022-07-13,57.5325,40.5275,50.99,54.315,40.785,40.0475,37.150000000000006,34.650000000000006,33.97,39.292500000000004,42.926
2022-07-06,57.832499999999996,40.45,50.8675,54.5375,40.6325,40.407500000000006,37.252500000000005,33.87500000000001,33.8625,39.5,42.92175
2022-06-29,59.6575,41.7025,51.345,55.805,41.405,41.782500000000006,38.215,34.86000000000001,34.5075,40.8375,44.01175
2022-06-22,58.9725,40.6075,51.0125,55.3575,41.269999999999996,40.63,37.8875,34.0825,33.6025,40.1075,43.353
2022-06-15,58.817499999999995,40.11,50.957499999999996,55.4525,41.065,39.49250000000001,37.8675,33.56,33.457499999999996,39.7125,43.04925
2022-06-08,59.2925,39.417500000000004,51.2275,55.5925,40.87,38.495000000000005,37.7425,33.14750000000001,33.5325,39.2325,42.855000000000004
2022-06-01,58.8475,38.822500000000005,51.445,55.7275,40.839999999999996,37.9025,37.7525,33.300000000000004,33.505,38.9075,42.705
2022-05-25,59.8925,39.22,51.5625,56.44,41.085,38.260000000000005,38.185,33.980000000000004,33.81,39.620000000000005,43.2055
2022-05-18,60.35999999999999,39.1825,51.58,56.3775,41.0575,38.125,38.2575,34.415000000000006,33.8675,39.955,43.31775
2022-05-11,59.77499999999999,38.6825,50.682500000000005,55.015,40.9025,36.80500000000001,37.59,34.425000000000004,33.055,39.269999999999996,42.62025
2022-05-04,60.489999999999995,38.37,50.67,54.919999999999995,40.82,36.362500000000004,37.485,34.42250000000001,32.575,38.635,42.475
2022-04-27,61.1725,38.112500000000004,50.7325,54.6275,40.6825,36.432500000000005,37.5225,34.385000000000005,32.4975,38.3375,42.450250000000004
2022-04-20,61.482499999999995,36.795,50.739999999999995,54.265,40.4375,36.2875,37.35,33.487500000000004,32.3275,37.8125,42.0985
2022-04-13,59.995,36.2775,50.777499999999996,53.805,40.3775,37.09,37.8875,32.93750000000001,32.585,38.0225,41.975500000000004
2022-04-06,57.42999999999999,35.945,49.4975,51.74,39.9475,37.14,37.835,31.820000000000004,32.175,38.067499999999995,41.15975
2022-03-30,56.245,35.160000000000004,49.4475,50.9625,39.3275,36.6725,37.455,30.615000000000002,31.66,37.4175,40.496249999999996
2022-03-23,54.315,34.92,46.835,50.3275,38.665,35.9075,37.182500000000005,29.580000000000005,30.61,36.5975,39.494
2022-03-16,54.44499999999999,33.7325,45.58,50.8875,37.605000000000004,34.572500000000005,36.7875,28.302500000000002,29.51,35.480000000000004,38.69025
2022-03-09,54.36749999999999,32.5325,45.775000000000006,51.4075,36.1425,32.9675,35.980000000000004,26.945000000000004,28.765,34.1325,37.9015
2022-03-02,48.582499999999996,31.240000000000002,40.89,49.69,34.6625,30.990000000000002,34.9525,25.430000000000003,27.6625,32.8875,35.698750000000004
2022-02-23,47.035,29.3525,41.85,48.615,33.07,28.987500000000004,33.75,23.910000000000004,26.3325,31.6175,34.452
2022-02-16,44.5625,28.5425,41.54,47.0725,31.612499999999997,27.112500000000004,32.475,22.300000000000004,25.2225,30.2425,33.06825
2022-02-09,42.54,27.520000000000003,39.9175,45.3925,30.1,24.807500000000005,31.37,20.635000000000005,23.905,28.84,31.502750000000002
2022-02-02,44.214999999999996,26.142500000000002,42.125,44.4825,28.48,22.195000000000004,29.76,19.152500000000003,22.285,26.8375,30.567500000000003
2022-01-26,41.17,24.505000000000003,39.7025,41.214999999999996,26.6075,19.400000000000002,27.777500000000003,17.437500000000004,20.71,23.0325,28.15575
2022-01-19,36.1325,21.19,35.542500000000004,35.745,23.96,16.235000000000003,25.14,15.250000000000004,18.235,19.895,24.7325
2022-01-12,36.1725,20.45,35.675,34.997499999999995,24.5325,16.000000000000004,25.7425,15.717500000000003,18.5925,19.94,24.782
2022-01-05,40.279999999999994,22.9775,38.417500000000004,37.605,26.755000000000003,20.087500000000006,28.4075,18.465000000000003,20.7025,23.105,27.68025
2021-12-29,45.7225,26.695,42.35,42.415,29.85,25.387500000000003,31.7275,21.985000000000003,23.545,28.290000000000003,31.79675
2021-12-22,54.7125,32.0475,48.8825,50.33,34.215,31.995000000000005,36.1925,26.302500000000006,27.4725,33.53,37.568
2021-12-15,55.235,32.7875,48.9075,50.7125,34.68,33.905,36.2125,26.787500000000005,27.875,34.01,38.11125
2021-12-08,54.567499999999995,32.6425,48.432500000000005,50.59,34.817499999999995,33.96,36.1175,26.382500000000004,28.1025,33.6475,37.926
2021-12-01,54.059999999999995,32.6275,48.1775,50.25,34.745,33.8425,36.1425,25.860000000000003,27.9825,33.5125,37.72
2021-11-24,52.214999999999996,32.27,47.2075,49.3625,34.2425,33.05500000000001,35.7675,25.262500000000003,27.78,32.8925,37.0055
2021-11-17,53.3225,33.5075,48.932500000000005,51.535,34.6775,33.5125,36.7825,26.080000000000005,28.325,34.04,38.0715
2021-11-10,51.647499999999994,33.410000000000004,48.6175,51.4175,34.2275,32.790000000000006,36.625,25.745000000000005,27.8375,33.755,37.60725
2021-11-03,49.745,32.825,47.9825,50.919999999999995,33.625,31.742500000000003,36.25,25.365000000000002,27.4625,33.2225,36.914
2021-10-27,49.522499999999994,32.3825,47.5675,50.6325,33.105000000000004,30.67,36.0025,25.025000000000002,27.0675,33.035,36.501
2021-10-20,49.052499999999995,32.1175,46.985,50.114999999999995,32.625,30.35,35.5075,24.370000000000005,26.85,32.644999999999996,36.061749999999996
2021-10-13,48.83,31.532500000000002,46.4425,49.455,31.950000000000003,29.305000000000003,34.877500000000005,23.310000000000002,26.4575,32.1075,35.42675
2021-10-06,48.75,31.262500000000003,46.05,47.01,31.455,28.552500000000002,34.47,22.237500000000004,26.1875,31.725,34.77
2021-09-29,47.287499999999994,30.2525,44.9875,45.787499999999994,30.6025,26.022500000000004,32.84,20.872500000000002,25.3725,30.59,33.4615
2021-09-22,46.779999999999994,29.595,44.53,45.214999999999996,29.895,24.020000000000003,32.04,19.980000000000004,24.607499999999998,29.5125,32.6175
2021-09-15,46.9075,29.517500000000002,44.82,45.095,29.4125,22.695000000000004,31.990000000000002,19.605000000000004,24.3175,28.72,32.308
2021-09-08,46.0975,29.03,44.714999999999996,46.3975,28.564999999999998,21.115000000000002,31.375,19.137500000000003,23.424999999999997,27.395,31.72525
2021-09-01,46.26,29.4125,45.57,46.769999999999996,28.41,21.980000000000004,32.225,19.192500000000003,23.31,27.0625,32.01925
2021-08-25,46.3825,29.725,46.4725,47.5175,28.38,22.620000000000005,32.435,19.355000000000004,23.3375,27.195,32.342
2021-08-18,47.1025,30.0925,47.175,48.1325,28.3275,23.087500000000006,32.36,19.685000000000002,22.8975,27.48,32.634
2021-08-11,49.44,30.82,48.375,49.6175,28.825,23.750000000000004,32.64,20.245000000000005,23.19,28.41,33.53125
2021-08-04,51.135,31.22,49.565,50.7125,29.2375,24.010000000000005,32.635000000000005,20.645000000000003,23.2125,28.96,34.133250000000004
2021-07-28,51.26499999999999,30.2875,49.4225,50.2875,28.91,23.197500000000005,31.922500000000003,20.285000000000004,22.6375,28.355,33.657000000000004
2021-07-21,51.217499999999994,29.285,49.56,49.8525,28.7925,22.627500000000005,31.0725,19.865000000000006,22.4,27.9075,33.258
2021-07-14,50.1125,28.322499999999998,49.3675,49.137499999999996,28.14,21.860000000000003,30.2375,19.290000000000003,21.8925,27.065,32.5425
2021-07-07,49.53,27.5625,48.9875,48.54,27.0875,21.290000000000003,29.605,18.770000000000003,21.335,26.67,31.93775
2021-06-30,49.832499999999996,27.8575,49.57,48.56,26.7225,21.435000000000002,29.660000000000004,18.792500000000004,21.1475,26.9725,32.055
2021-06-23,48.2925,27.0225,48.54,47.2975,25.8125,20.512500000000003,29.1125,18.142500000000002,20.3275,26.2325,31.12925
2021-06-16,47.32,26.1325,47.085,46.29,25.307499999999997,19.710000000000004,28.71,17.612500000000004,19.7375,25.8525,30.37575
2021-06-09,45.599999999999994,25.015,45.555,44.644999999999996,25.09,18.472500000000004,28.145000000000003,16.990000000000002,19.2225,25.0125,29.37475
2021-06-02,44.254999999999995,23.96,43.7075,43.4475,24.7575,17.532500000000006,27.5625,16.345000000000002,18.7025,24.2225,28.44925
2021-05-26,43.199999999999996,23.44,42.6525,42.855,24.6725,17.045000000000005,27.380000000000003,15.967500000000005,18.58,23.8975,27.969
2021-05-19,41.964999999999996,22.7425,42.095,41.589999999999996,24.255,16.547500000000003,27.18,15.470000000000004,18.295,23.395000000000003,27.3535
2021-05-12,40.805,22.14,41.6125,40.845,23.9575,16.315000000000005,26.925,14.972500000000004,17.965,23.0025,26.854
2021-05-05,39.815,21.535000000000004,41.302499999999995,39.8025,23.6925,15.920000000000003,26.7525,14.605000000000004,17.79,22.62,26.3835
2021-04-28,38.787499999999994,20.67,40.4725,38.0925,23.1325,15.237500000000004,26.200000000000003,14.152500000000003,17.3875,21.96,25.60925
2021-04-21,38.06999999999999,20.18,40.0875,37.51,22.91,14.675000000000004,25.757500000000004,13.870000000000005,17.1925,21.567500000000003,25.182000000000002
2021-04-14,36.4475,19.87,39.32,36.375,23.2575,14.277500000000003,25.475,13.732500000000003,17.085,21.372500000000002,24.72125
2021-04-07,35.13999999999999,19.62,38.1975,35.2,24.375,14.095000000000002,25.215000000000003,13.602500000000004,16.84,21.325,24.361
2021-03-31,35.2675,19.8625,37.965,35.7475,25.9325,14.432500000000005,25.515,13.627500000000005,16.7425,21.6525,24.674500000000002
2021-03-24,34.964999999999996,19.815,37.4425,35.445,27.435000000000002,14.575000000000003,25.6125,13.567500000000004,16.46,21.82,24.71375
2021-03-17,32.6425,19.53,34.39,33.425,28.1475,14.267500000000004,24.4825,13.415000000000004,16.177500000000002,20.93,23.740750000000002
2021-03-10,27.442499999999995,18.5975,28.705000000000002,29.537499999999998,28.11,14.015000000000004,24.1075,13.140000000000004,15.9525,20.622500000000002,22.023
2021-03-03,27.214999999999996,18.240000000000002,28.3175,28.985,27.8425,13.760000000000003,23.887500000000003,12.962500000000004,15.809999999999999,20.52,21.754
2021-02-24,26.944999999999997,18.155,28.1175,28.4775,27.3475,12.645000000000003,21.985,12.682500000000005,15.635,19.630000000000003,21.162
2021-02-17,30.074999999999996,17.9125,30.877499999999998,30.2825,26.990000000000002,12.850000000000003,22.9125,12.450000000000005,15.4325,20.0425,21.9825
2021-02-10,35.4225,18.4625,36.442499999999995,33.839999999999996,26.4225,12.770000000000003,22.9825,12.282500000000004,15.23,18.5475,23.24025
2021-02-03,34.7025,18.4325,36.3525,33.3125,25.935000000000002,12.615000000000004,22.8525,12.015000000000004,14.9675,17.9825,22.91675
2021-01-27,33.1175,17.5375,35.07,32.015,24.9675,12.920000000000003,23.705000000000002,11.400000000000004,14.282499999999999,17.4025,22.24175
2021-01-20,30.279999999999998,16.39,32.58,29.167499999999997,23.4225,11.815000000000003,22.205000000000002,10.662500000000003,13.2675,16.155,20.5945
2021-01-13,29.18,15.812500000000002,31.5825,28.1225,23.2525,11.097500000000004,21.2275,10.447500000000003,13.0375,17.01,20.077
2021-01-06,29.569999999999997,15.6125,31.877499999999998,28.619999999999997,23.365000000000002,11.192500000000003,20.82,10.505000000000003,13.15,17.145,20.18575
2020-12-30,31.224999999999998,16.0725,33.32,30.1725,24.32,11.865000000000004,21.277500000000003,11.075000000000003,13.7375,18.3575,21.14225
2020-12-23,33.855,17.052500000000002,36.2475,33.5725,26.175,13.010000000000003,22.3675,12.015000000000004,15.0075,19.82,22.91225
2020-12-16,34.0575,16.900000000000002,36.629999999999995,34.095,26.765,13.750000000000004,22.995,12.337500000000004,15.045,20.052500000000002,23.26275
2020-12-09,34.272499999999994,16.997500000000002,37.6,34.885,27.68,14.242500000000003,23.78,12.780000000000005,15.515,20.6025,23.8355
2020-12-02,34.24249999999999,17.3625,38.6075,35.3725,28.415,14.645000000000003,24.525000000000002,13.170000000000005,16.4825,20.8425,24.366500000000002
2020-11-25,34.537499999999994,17.845000000000002,39.1475,35.552499999999995,28.8375,14.717500000000003,25.2575,13.297500000000005,17.09,20.965,24.72475
2020-11-18,35.745,19.1625,40.9775,37.0225,29.48,15.400000000000004,26.32,13.777500000000003,18.175,21.875,25.7935
2020-11-10,35.6275,19.975,41.1675,36.629999999999995,29.545,15.595000000000004,26.762500000000003,13.802500000000006,18.47,22.06,25.9635
2020-11-04,35.47,20.5375,41.089999999999996,36.0225,29.634999999999998,15.760000000000003,27.122500000000002,13.782500000000004,18.2825,22.2075,25.991
2020-10-28,35.155,20.990000000000002,40.955,35.4175,29.509999999999998,16.187500000000004,27.5075,13.850000000000005,18.2075,22.5075,26.028750000000002
2020-10-21,34.51,20.9375,40.65,34.644999999999996,29.2575,15.867500000000003,27.445,13.645000000000005,18.08,22.4225,25.746
2020-10-14,34.052499999999995,20.777500000000003,40.1525,32.8125,29.002499999999998,15.462500000000004,27.265,13.572500000000005,18.005,22.27,25.33725
2020-10-07,33.635,20.712500000000002,39.7175,32.03,28.7,14.992500000000003,26.925000000000004,13.470000000000004,17.735,22.142500000000002,25.006
2020-09-30,32.66,20.240000000000002,38.77,30.7775,28.43,14.067500000000003,26.1075,13.215000000000003,17.3825,21.665,24.331500000000002
2020-09-23,32.332499999999996,19.91,38.0875,29.3525,28.375,13.227500000000003,25.605,13.097500000000004,17.1825,21.1175,23.82875
2020-09-16,31.61,19.47,37.269999999999996,28.825,28.2725,12.335000000000003,24.970000000000002,12.950000000000005,16.8525,20.6275,23.31825
2020-09-09,30.884999999999998,18.975,36.195,27.8325,28.052500000000002,11.545000000000003,24.3825,12.807500000000005,16.67,20.0625,22.740750000000002
2020-09-02,30.485,18.455000000000002,35.7025,27.2425,28.035,11.310000000000002,24.332500000000003,12.767500000000004,16.442500000000003,19.8175,22.459
2020-08-26,29.752499999999998,18.445,35.0125,27,27.825,11.025000000000004,23.835,12.670000000000005,16.017500000000002,19.555,22.11375
2020-08-19,29.3125,18.405,34.1725,26.725,27.735,10.880000000000003,23.635,12.520000000000005,15.825,19.462500000000002,21.867250000000002
2020-08-12,28.717499999999998,18.345000000000002,33.417500000000004,26.057499999999997,27.765,10.667500000000004,23.542500000000004,12.445000000000004,15.5125,19.44,21.591
2020-08-05,28.485,18.775000000000002,32.6575,25.5075,27.98,10.380000000000003,23.575000000000003,12.477500000000004,15.5525,19.45,21.484
2020-07-29,28.089999999999996,18.4175,31.8125,24.849999999999998,28.182499999999997,10.215000000000003,23.687500000000004,12.352500000000004,15.5825,19.2925,21.24825
2020-07-22,27.869999999999997,18.11,31.92,25.147499999999997,28.8125,9.850000000000003,23.527500000000003,12.410000000000004,15.74,19.005,21.239250000000002
2020-07-15,27.8375,17.66,32.832499999999996,26.915,29.49,9.367500000000003,23.060000000000002,12.370000000000005,15.935,18.575,21.40425
2020-07-08,28.194999999999997,17.07,34.04,29.257499999999997,29.744999999999997,8.752500000000005,22.295,12.082500000000003,16.01,18.0675,21.5515
2020-07-01,28.574999999999996,16.16,35.1475,31.645,29.4675,8.032500000000004,21.37,11.730000000000004,16.0325,17.53,21.569
2020-06-24,28.324999999999996,14.312500000000002,35.29,32.94,28.1525,7.282500000000003,20.157500000000002,11.112500000000004,15.6225,16.69,20.988500000000002
2020-06-17,28.002499999999998,13.095,33.9675,32.245,26.82,6.662500000000003,19.337500000000002,10.560000000000004,15.275,15.8825,20.18475
2020-06-10,27.252499999999998,11.845,31.7325,30.79,25.622500000000002,6.132500000000004,18.642500000000002,10.107500000000005,14.7675,15.1175,19.201
2020-06-03,26.302499999999995,11.165000000000001,29.3675,29.0075,24.7725,5.7500000000000036,18.150000000000002,9.752500000000005,14.245,14.54,18.30525
2020-05-27,25.689999999999998,11.385000000000002,27.03,27.5275,24.3825,5.4825000000000035,17.767500000000002,9.407500000000004,13.7,14.15,17.652250000000002
2020-05-20,24.952499999999997,11.0225,25.215,26.31,23.7575,5.220000000000003,17.095000000000002,8.975000000000005,13.0475,13.86,16.9455
2020-05-13,23.917499999999997,10.732500000000002,23.8925,25.0075,23.0925,4.990000000000004,16.365000000000002,8.530000000000005,12.315,13.5675,16.241
2020-05-06,23.119999999999997,10.260000000000002,22.6875,23.752499999999998,22.502499999999998,4.730000000000004,15.590000000000002,8.145000000000003,11.7075,13.3,15.5795
2020-04-29,22.6025,9.945,21.9,23.085,22.1225,4.642500000000004,15.2725,7.990000000000004,11.4,13.255,15.2215
2020-04-22,22.397499999999997,9.920000000000002,21.59,22.965,22.4075,4.792500000000004,15.595000000000002,8.012500000000005,11.719999999999999,13.7225,15.31225
2020-04-15,23.36,10.97,24.32,25.534999999999997,24.1875,5.802500000000004,16.87,8.267500000000004,12.69,15.265,16.72675
